No,歌人,歌人（ひらがな）,上の句,下の句,現代語訳,上の句（ひらがな）,下の句（ひらがな）,男性,女性,上皇,僧,春,夏,秋,冬,恋,別れ,旅,上の句決まり字,上の句決まり字数,下の句決まり字,下の句決まり字数,URL
1,天智天皇,てんじてんのう,秋の田のかりほの庵の苫をあらみ,わが衣手は露にぬれつつ,寒いな。まったく、この仮小屋の屋根、苫の編み目が粗くて、夜露が染みてくる。袖がすっかり濡れてしまった。これが、大切な稲を守るために夜通し頑張っている農民たちの苦労か。これだけ大変な思いをしながら、冷たい露に袖を濡らしているのだな。,あきのたのかりほのいほのとまをあらみ,わがころもではつゆにぬれつつ,1,0,0,0,0,0,1,0,0,0,0,あきの,3,わがころもでは,7,https://hyakuninisshu.sakura.ne.jp/1.html
2,持統天皇,じとうてんのう,春過ぎて夏来にけらし白妙の,衣干すてふ天の香具山,春はあっという間に過ぎて、夏が来たみたい。あの天の香具山に、真っ白な衣が干してある。昔から、夏になるとあの山で衣を干すのよね。新しい都である藤原京から毎日この山を眺めているけれど、こうやって衣が干されているのを見ると、清々しい。また、新しい季節が始まるのね。,はるすぎてなつきにけらししろたへの,ころもほすてふあまのかぐやま,0,1,0,0,0,1,0,0,0,0,0,はるす,3,ころもほ,4,https://hyakuninisshu.sakura.ne.jp/2.html
3,柿本人麻呂,かきのもとのひとまろ,あしびきの山鳥の尾のしだり尾の,ながながし夜をひとりかも寝む,夜が、長い。本当に長くてつらい。谷を挟んで寝るという山鳥の垂れ下がった尾みたいに、長くて長くて、このまま夜が続くのではないか…。あなたが来てくれないこの夜を、ひとりで耐えなきゃいけない。寂しくてたまらない。いつになったら、夜は明けるの？,あしびきのやまどりのをのしだりをの,ながながしよをひとりかもねむ,1,0,0,0,0,0,0,0,1,0,0,あし,2,なかな,3,https://hyakuninisshu.sakura.ne.jp/3.html
4,山部赤人,やまべのあかひと,田子の浦にうち出でてみれば白妙の,富士の高嶺に雪は降りつつ,田子の浦の海岸を通って、はるか遠くを見上げたら…ああ、あれは！やっぱり富士山だ！なんて雄大で、美しいんだ。あの高い峰には、真っ白な雪が降り積もっているんだな。奈良ではなかなか見られない、壮大な景色。旅に出て、こんな景色に出会えるなんて…,たごのうらにうちいでてみればしろたへの,ふじのたかねにゆきはふりつつ,1,0,0,0,0,0,0,1,0,0,0,たご,2,ふし,2,https://hyakuninisshu.sakura.ne.jp/4.html
5,猿丸大夫,さるまるだいふ,奥山に紅葉踏み分け鳴く鹿の,声聞く時ぞ秋は悲しき,紅葉の葉が散り敷かれている奥山の中を歩いていたら、「ヒィ…」って鹿の鳴き声が聞こえてきた。その声が、すごく寂しそうなんだ。迷ってしまったのか。物悲しい秋。この鹿の声を聞くと、胸が締め付けられるよ。鹿さん、あなたの声は、届いているのかしら。,おくやまにもみぢふみわけなくしかの,こゑきくときぞあきはかなしき,1,0,0,0,0,0,1,0,0,0,0,おく,2,こゑ,2,https://hyakuninisshu.sakura.ne.jp/5.html
6,中納言家持,ちゅうなごんやかもち,かささぎの渡せる橋に置く霜の,白きを見れば夜ぞ更けにける,宮中の階段に降りたこの真っ白な霜…。七夕の夜にかささぎが羽を並べて、天の川に橋をかけたみたい。こんなにも一面が白くなっているなんて。ずいぶんと夜が更けたってことか。,かささぎのわたせるはしにおくしもの,しろきをみればよぞふけにける,1,0,0,0,0,0,0,1,0,0,0,かさ,2,しろ,2,https://hyakuninisshu.sakura.ne.jp/6.html
7,安倍仲麻呂,あべのなかまろ,天の原ふりさけみれば春日なる,三笠の山に出でし月かも,空を見上げると、月が見える。唐に来て、随分経った。故郷の奈良、春日の三笠山で見ていた、あの月かな。唐にいても、同じ月を見上げているのかも。,あまのはらふりさけみればかすがなる,みかさのやまにいでしつきかも,1,0,0,0,0,0,0,0,0,0,1,あまの,3,みか,2,https://hyakuninisshu.sakura.ne.jp/7.html
8,喜撰法師,きせんほうし,わが庵は都の辰巳しかぞ住む,世をうぢ山と人はいふなり,私が住む、都の東南のあたり。ここは静かで、毎日穏やかに暮らしている。世間では、宇治山とかけて、「憂し山に隠れて世を悲しんでるんだって？」と、上手いこと言ったつもりで、噂しているようだけど、そんなことない。ただ、心のままに、ゆったり過ごしてるだけなんだな。,わがいほはみやこのたつみしかぞすむ,よをうぢやまとひとはいふなり,1,0,0,1,0,0,0,0,0,0,0,わがい,3,よをう,3,https://hyakuninisshu.sakura.ne.jp/8.html
9,小野小町,おののこまち,花の色は移りにけりないたづらに,わが身世にふるながめせしまに,桜の花の色が、すっかり色あせてしまったわ…。絶世の美女と言われた私自身も、なんだかこの花みたい。長雨のように、あなたへの恋の物思いばかりを、むなしく続けている。時が経つのって、早い。私の美しさも、この花と一緒で、いつまでも続かないのね。,はなのいろはうつりにけりないたづらに,わがみよにふるながめせしまに,0,1,0,0,1,0,0,0,0,0,0,はなの,3,わかみよ,4,https://hyakuninisshu.sakura.ne.jp/9.html
10,蝉丸,せみまる,これやこの行くも帰るも別れては,知るも知らぬも逢坂の関,ここが、あの有名な「逢坂の関」。都から東へ旅立つ人も、見送って都へ戻る人も、みなこの場所を通る。知ってる顔もいるけど、ほとんどは二度と会わない他人だ。みんなここで別れて、そしてまたここで「逢う」。ここは、そういう所なんだな。,これやこのゆくもかへるもわかれては,しるもしらぬもあふさかのせき,1,0,0,1,0,0,0,0,0,0,0,これ,2,しる,2,https://hyakuninisshu.sakura.ne.jp/10.html
11,参議篁,さんぎのたかむら,わたの原八十島かけて漕ぎ出でぬと,人にはつげよ海人の釣船,海を越えて、たくさんの島々を渡って、船を漕ぎ出す。みんなに伝えてくれ、漁師さんの釣り舟よ。都の家族に、無事に旅立ったって知らせてくれ。不安でたまらないけど、仕方ない。どうか、見守っていてくれ。,わたのはらやそしまかけてこぎいでぬと,ひとにはつげよあまのつりぶね,1,0,0,0,0,0,0,0,0,0,1,わたのはらや,6,ひとには,4,https://hyakuninisshu.sakura.ne.jp/11.html
12,僧正遍昭,そうじょうへんじょう,天つ風雲の通ひ路吹きとぢよ,乙女の姿しばしとどめむ,なんて素晴らしい舞だ。天女が天から舞い降りてきたみたいじゃないか。お願いだ。空を吹く風よ、あの天女が天に帰っていく雲の通り道を、どうか吹き寄せて閉ざしてくれ！こんなに美しい姿を、すぐに帰してしまうなんて、あまりに惜しい。もう少しだけ、もう少しだけ、その姿をここに留めておきたい。,あまつかぜくものかよひぢふきとぢよ,をとめのすがたしばしとどめむ,1,0,0,1,0,0,0,0,0,0,0,あまつ,3,を,1,https://hyakuninisshu.sakura.ne.jp/12.html
13,陽成院,ようぜいいん,筑波嶺の峰より落つるみなの川,恋ぞつもりて淵となりぬる,筑波山の男女川（みなのがわ）のごとく、一滴の雫が次第に流れを作り、やがて大きな溝にどんどんと水が溜まっていく。そんなふうに、あなたへの想いがとめどなく溢れてきます。悟られぬよう、恋心を秘めておくつもりでしたが、それはできないのでしょう。,つくばねのみねよりおつるみなのがは,こひぞつもりてふちとなりぬる,1,0,1,0,0,0,0,0,1,0,0,つく,2,こいそ,3,https://hyakuninisshu.sakura.ne.jp/13.html
14,河原左大臣,かわはらさだいじん,陸奥のしのぶもぢずりたれゆえに,乱れそめにしわれならなくに,私の心は、陸奥の乱れ模様の染物「しのぶもじずり」のように、乱れに乱れている。こうも心が乱れてしまうのは、考えさせてしまうあなたのせい。,みちのくのしのぶもぢずりたれゆゑに,みだれそめにしわれならなくに,1,0,0,0,0,0,0,0,1,0,0,みち,2,みだれそ,4,https://hyakuninisshu.sakura.ne.jp/14.html
15,光孝天皇,こうこうてんのう,君がため春の野に出でて若菜摘む,わが衣手に雪は降りつつ,君のためにね、寒い春の野っぱらに出て、若菜を摘んできたんだ。雪がずっと袖に降りかかって、びしょびしょになってしまった。でも、君に渡すものだから、へいき。,きみがためはるののにいでてわかなつむ,わがころもでにゆきはふりつつ,1,0,0,0,1,0,0,0,0,0,0,きみがためは,6,わがころもでに,7,https://hyakuninisshu.sakura.ne.jp/15.html
16,中納言行平,ちゅうなごんゆきひら,立ち別れいなばの山の峰に生ふる,まつとし聞かば今帰り来む,お別れ。これから因幡の国へ行きます。あの因幡の山に生えている松ではないけども、君の「待ってるね」の声が聞こえたら、その時は、すぐに都へ帰ってくるよ。,たちわかれいなばのやまのみねにおふる,まつとしきかばいまかへりこむ,1,0,0,0,0,0,0,0,0,1,0,たち,2,まつ,2,https://hyakuninisshu.sakura.ne.jp/16.html
17,在原業平朝臣,ありわらのなりひらあそん,ちはやぶる神代も聞かず竜田川,から紅に水くくるとは,神代にだって、こんな景色はあっただろうか。竜田川に流れる紅葉が、真っ赤に染め上げているではないか。高子（たかいこ）さん。貴女と見たかった、この景色。もう、遠い人になってしまった。叶わぬことだよ。,ちはやぶるかみよもきかずたつたがは,からくれなゐにみづくくるとは,1,0,0,0,0,0,1,0,0,0,0,ちは,2,から,2,https://hyakuninisshu.sakura.ne.jp/17.html
18,藤原敏行朝臣,ふじわらのとしゆきあそん,住の江の岸に寄る波よるさへや,夢の通ひ路人目よくらむ,どうして貴方様は私のところへ来てくださらないのでしょうか。「よる」という言葉には、波が寄るという意味と、「夜」という意味が掛かっているのでしょう？この住之江の岸には、現実に波はこんなにも打ち寄せてくるというのに、貴方様は「夜」でさえ私に寄ってくださらない。当時、女性である私が貴方様の訪れを待つ立場であったことは理解しております。現実の世界では、人目を恐れ、お逢いできないのは仕方がありません。けれども、せめて夢の中だけでも、心ゆくまでお逢いしたかった。なのに、貴方様は夢の通い路さえも避けて、お出でにならないとは。ああ、私の恋心は、昼も夜も関係なく貴方様を求め「寄っている」というのに、この切ない想いは、いつになったら報われるのでしょうか。,すみのえのきしによるなみよるさへや,ゆめのかよひぢひとめよくらむ,1,0,0,0,0,0,0,0,1,0,0,す,1,ゆめ,2,https://hyakuninisshu.sakura.ne.jp/18.html
19,伊勢,いせ,難波潟短き葦のふしの間も,逢はでこの世を過ぐしてよとや,貴方様は、本当に私に冷たい仕打ちをなさいますね。私が望んでいるのは、難波潟の葦の、節と節の間のような、ほんのわずかな、短い時間で結構なのです。それさえも許されず、この世を去れと仰せになるのでしょうか。私は貴方様からの求婚を拒み続けた身ですが、貴方様に愛されていない現実を知り、この身をどうすれば良いのか分かりません。もう構いません。貴方様への一途な想いにわが身を犠牲にするという意味の「身を尽くす」と掛けている、あの難波江の**澪標（みおつくし）**のように、私はこの身を捧げているのです。そんな私に、こんなにも短い時間さえ許されないなんて、あんまりです。,なにはがたみじかきあしのふしのまも,あはでこのよをすぐしてよとや,0,1,0,0,0,0,0,0,1,0,0,なにはが,4,おはて,3,https://hyakuninisshu.sakura.ne.jp/19.html
20,元良親王,もとよししんのう,わびぬれば今はた同じ難波なる,身をつくしても逢はむとぞ思ふ,ああ、もうどうなっても構いません。貴方様とお逢いできない寂しさとつらさは、私を世間の目やしきたりから解放しました。道ならぬ恋が露見し、謹慎処分を受けていた私にとって、もはや世間の噂も恐れるに足りません。身を捨てたのも同然の心境です。ですから、今すぐにでも貴方様にお逢いしたい。この熱い想いは、命を懸けても構わないというところまで来ています。難波の海に立つ澪標（みおつくし）のように、たとえこの身が滅びようとも、貴方様に逢うことだけが、今の私の切実な願いなのです。この情熱的な想いを、貴方様に知っていただきたい。,わびぬればいまはたおなじなにはなる,みをつくしてもあはむとぞおもふ,1,0,0,0,0,0,0,0,1,0,0,わび,2,みをつくしても,7,https://hyakuninisshu.sakura.ne.jp/20.html
21,素性法師,すじょうほうし,今来むといひしばかりに長月の,有明の月を待ち出でつるかな,貴方様は、「今行く」と、そうおっしゃったではありませんか。私はそのお言葉を信じ、ずっと貴方様をお待ちしておりました。その結果、どうなったと思いますか。夜が更け、夜通し待ち続け、空には九月の有明の月が残っているではありませんか。結局、私は夜明けまで、貴方様を待ち明かしてしまったのです。貴方様との死別を惜しむ気持ちは分かりますが、貴方様は山から出て行く際に誰にも挨拶をせず、人々の心（山路で待つ思い）を断ち切ることで出家という決意を固められた。この待ち続けた私の切ない想いは、どうしてくださるのでしょう。,いまこむといひしばかりにながつきの,ありあけのつきをまちいでつるかな,1,0,0,1,0,0,0,0,1,0,0,いまこ,3,あり,2,https://hyakuninisshu.sakura.ne.jp/21.html
22,文屋康秀,ふんやのやすひで,吹くからに秋の草木のしをるれば,むべ山風を嵐といふらむ,私が出家し、世を忍んで暮らしているこの庵の戸は、なぜいつも開いているのでしょう。山から風が吹くと秋の草木がしおれるから、山に風と書いて「嵐」と読むように、まさか私の心が乱れて、戸が開いているのではありませんよ。まるで恋人の訪れを待っているかのように開いたままのこの戸は、寂しさや煩悩を捨てきれない私の姿を映しているのでしょうか。,ふくからにあきのくさきのしをるれば,むべやまかぜをあらしといふらむ,1,0,0,0,0,0,1,0,0,0,0,ふ,1,むべ,2,https://hyakuninisshu.sakura.ne.jp/22.html
23,大江千里,おおえのちさと,月見れば千々にものこそ悲しけれ,わが身ひとつの秋にはあらねど,ああ、空を見上げると、月が出ていますね。この月の光を見るたびに、どうしてこんなにも悲しい気持ちになるのでしょうか。実際に一夜を共にした後の別れ際に詠まれた歌のように、私にとって逢瀬の夜は山鳥の尾のように、あまりにも短すぎた。秋という季節は、誰にでも平等に訪れるはずです。私一人だけに訪れたわけではないのに、なぜか私だけが、こんなにも物思いに沈み、あれこれと悲しいことを思い出してしまう。この寂しさは、誰も分かってくれない、私だけのものなのでしょうか。,つきみればちぢにものこそかなしけれ,わがみひとつのあきにはあらねど,1,0,0,0,0,0,1,0,0,0,0,つき,2,わがみひ,4,https://hyakuninisshu.sakura.ne.jp/23.html
24,菅家,かんけ,このたびは幣もとりあへず手向山,紅葉の錦神のまにまに,突然の旅でしたので、神様にお供えする幣（ぬさ）を用意することができませんでした。ですから、手向山の神様。どうか、この美しい紅葉を、私の真心の代わりとして、捧げさせてください。かつて桜の花が散るのを見て、その自然の現象に自らの老いを重ねて嘆いた歌のように、この紅葉の美しさも、いつか散りゆく無常なものです。桜は散ってもまた来年咲きますが、一度老いた我が身は二度と元には戻れない。この壮大で美しい紅葉を、神様へのお供えとすることで、この世の無常観を心に刻みたいのです。,このたびはぬさもとりあへずたむけやま,もみぢのにしきかみのまにまに,1,0,0,0,0,0,0,0,0,0,1,この,2,もみ,2,https://hyakuninisshu.sakura.ne.jp/24.html
25,三条右大臣,さんじょうのうだいじん,名にし負はば逢坂山のさねかずら,人に知られでくるよしもがな,ああ、この逢坂山のさねかずら（実葛）よ…。「逢坂」が「逢う」という言葉の掛詞であるように、このさねかずらも、もし本当に**「さあ、寝（ね）」るという「さね」の言葉を秘めているのだとしたら。このつるに、貴方様をそっと絡ませて**、私のもとへ手繰り寄せたいのです。貴方様との逢瀬は、誰にも知られてはならない秘密の恋ですから。今、この逢坂山を越える旅路の途上で、貴方様に逢えない寂しさを、この雨に濡れる袖に託しています。どうか、あの人目を気にせず、貴方様とふたりきりでお逢いできる夜を、私に与えてください。,なにしおはばあふさかやまのさねかづら,ひとにしられでくるよしもがな,1,0,0,0,0,0,0,0,1,0,0,なにし,3,ひとにし,4,https://hyakuninisshu.sakura.ne.jp/25.html
26,貞信公,さだのぶこう,小倉山峰のもみぢ葉心あらば,今ひとたびのみゆき待たなむ,ああ、小倉山のもみじたちよ！なんと美しいことでしょう。貴方方は、どうしてそんなに散り急ぐのですか。私は今、醍醐天皇の行幸（お出かけ）に際して、この紅葉があまりにも美しく散ってしまうのを惜しんでいます。ねぇ、もし貴方方に心があるのなら、私に話しかけられたことが聞こえるのなら、どうかお願いします。もう一度、天皇様がここへお出かけになるまで、散らずにその美しさを留めておいてはいただけないでしょうか。この情緒的な美を、もう少しだけ、この世に留めておきたいのです。,をぐらやまみねのもみぢばこころあらば,いまひとたびのみゆきまたなむ,1,0,0,0,0,0,1,0,0,0,0,をぐ,2,いまひとたびのみ,8,https://hyakuninisshu.sakura.ne.jp/26.html
27,中納言兼輔,ちゅうなごんかねすけ,みかの原わきて流るる泉川,いつ見きとてか恋しかるらむ,みかの原から井出（いで）の泉が湧き出て流れる川ではないけれど、私は貴方様にいつ（出）お逢いしたから、これほどまでに恋しいのでしょうか。いつまでこの切実な想いを抱えて、貴方様を待てば良いのでしょう。貴方様との逢瀬が、これほどまでに私の心を占める理由が、私自身にも分からないほどに、貴方様を恋しく思っています。,みかのはらわきてながるるいづみがは,いつみきとてかこひしかるらむ,1,0,0,0,0,0,0,0,1,0,0,みかの,3,いつみ,3,https://hyakuninisshu.sakura.ne.jp/27.html
28,源宗于朝臣,みなもとのむねゆきあそん,山里は冬ぞ寂しさまさりける,人目も草もかれぬと思へば,山里は、ただでさえ寂しいものですが、この冬は、また格別に寂しいものです。訪れてくれる人もなく、草木も皆枯れてしまうと思うと。しかし、この寂しさは、誰にも知られず燃える秘めた恋の苦しさに似ています。心の中で燃える炎は、煙となって外に現れることはありませんから、誰にも気づかれずに、私はこうして苦しんでいるのです。,やまざとはふゆぞさびしさまさりける,ひとめもくさもかれぬとおもへば,1,0,0,0,0,0,0,1,0,0,0,やまざ,3,ひとめ,3,https://hyakuninisshu.sakura.ne.jp/28.html
29,凡河内躬恒,おおこうちのみつね,心あてに折らばや折らむ初霜の,置きまどはせる白菊の花,ああ、これほど美しい白菊の花を、心して手折ろうとして、簡単に折ることができるでしょうか。初霜が降りて、その花が真っ白に染まり、辺り一面が幻想的な美しさに包まれているのです。この白さは、まるで何もかもを包み込むよう。竜田川に敷き詰められた紅葉の様子を、山の上でもみじが散り敷いている様子から想像するように、この清らかな美しさは、私の心に深く響きます。,こころあてにをらばやをらむはつしもの,おきまどはせるしらぎくのはな,1,0,0,0,0,0,1,0,0,0,0,こころあ,4,お,1,https://hyakuninisshu.sakura.ne.jp/29.html
30,壬生忠岑,みぶのただみね,有明のつれなく見えし別れより,暁ばかり憂きものはなし,貴方様との別れを惜しんで帰る道、空に残った有明の月は、まるで私の悲しみを知らぬかのようにそしらぬ顔をしていました。それ以来というもの、あの暁（あかつき）の時間が来ると、貴方様との別れを思い出し、つらく感じてしまうのです。寂しさを突き詰めることで、究極の悟りの境地を見出そうと出家を志した私の姿は、この山里の秋の夕暮れの情景と重なるようです。,ありあけのつれなくみえしわかれより,あかつきばかりうきものはなし,1,0,0,0,0,0,0,0,1,0,0,ありあ,3,あか,2,https://hyakuninisshu.sakura.ne.jp/30.html
31,坂上是則,さかのうえのこれのり,朝ぼらけ有明の月と見るまでに,吉野の里に降れる白雪,夜がぼんやり明ける頃、外を眺めてみると、ああ、これはまるで吉野の里に有明の月が残っているかのような、真っ白な雪が降り積もっているではありませんか。朝ぼらけのほの暗い時間に、網代木（あじろぎ）という、冬に川に仕掛ける漁具の杭が立つ宇治川の情景にも似て、その白さに、私は息をのんでいます。,あさぼらけありあけのつきとみるまでに, よしののさとに ふれるしらゆき,1,0,0,0,0,0,0,1,0,0,0,あさぼらけあ,6,よし,2,https://hyakuninisshu.sakura.ne.jp/31.html
32,春道列樹,はるみちのつらき,山川に風のかけたるしがらみは,流れもあへぬ紅葉なりけり,山間の川に、風が仕掛けたしがらみ（水の流れをせき止めるもの）とは、一体何だろうかと見てみれば、それは流れきらずにたまっている紅葉だったのですね。冬の厳しい寒さが去り、春の訪れを感じる今、山の岩に閉じ込められていた氷が、太陽の光で解け始めるように、この紅葉の生命の息吹を感じるようです。,やまがはにかぜのかけたるしがらみは,ながれもあへぬもみぢなりけり,1,0,0,0,0,0,1,0,0,0,0,やまが,3,ながれ,3,https://hyakuninisshu.sakura.ne.jp/32.html
33,紀友則,きのとものり,ひさかたの光のどけき春の日に,しづ心なく花の散るらむ,こんなにもうららかな春の日に、どうして桜の花は、そんなにもせわしなく散ってしまうのでしょうか。以前、紅葉と鹿の鳴き声を組み合わせた秋の歌がありましたが、私は**「自分こそが一番寂しい」という自負があるように、この散り急ぐ花を見て、また無常**を感じています。,ひさかたのひかりのどけきはるのひに,しづこころなくはなのちるらむ,1,0,0,0,1,0,0,0,0,0,0,ひさ,2,しず,2,https://hyakuninisshu.sakura.ne.jp/33.html
34,藤原興風,ふじわらのおきかぜ,誰をかも知る人にせむ高砂の,松も昔の友ならなくに,一体、誰を心を通わせられる友にしたら良いのでしょう。長く生きているという高砂の松も、昔からの友ではないし…。誰も教えずにひっそり咲く山奥の山桜を、秘密の恋に見立てていた私ですが、その美しさが知られてしまったら、もう秘密にはできません。誰にも相談できない、この切ない気持ちを、誰に打ち明けたら良いのでしょうか。,たれをかもしるひとにせむたかさごの,まつもむかしのともならなくに,1,0,0,0,0,0,0,0,0,0,0,たれ,2,まつも,3,https://hyakuninisshu.sakura.ne.jp/34.html
35,紀貫之,きのつらゆき,人はいさ心も知らずふるさとは,花ぞ昔の香に匂ひける,人の心は移ろいやすいものですから、貴方様の気持ちも分からないと諦めていますが、しかし、この昔馴染みの里では、梅の花が、かつてと同じ香りを漂わせていますよ。あの情熱的な恋の歌と似て、澪標に**「身を尽くす」を掛けていますが、こちらは「変わらない」**という言葉を強調したい。貴方様の心は変わっても、私の想いは、この梅の香りのように、変わらないのです。,ひとはいさこころもしらずふるさとは,はなぞむかしのかににほひける,1,0,0,0,1,0,0,0,0,0,0,ひとは,3,はなぞ,3,https://hyakuninisshu.sakura.ne.jp/35.html
36,清原深養父,きよはらのふかやぶ,夏の夜はまだ宵ながら明けぬるを,雲のいずこに月宿るらむ,ああ、夏の夜というものは、本当に短いものです。まだ宵のうちだと思っていたのに、もう夜が明けてしまったのですね。ほととぎすの声が夏の訪れを告げるように、この夜の短さも夏の象徴です。さっきまで出ていた月は、急いで旅立って、今の今、雲のどのあたりに宿をとっているのでしょう。雲の峰（積乱雲）が立つ空の向こうに、想いを馳せています。,なつのよはまだよひながらあけぬるを,くものいづこにつきやどるらむ,1,0,0,0,0,1,0,0,0,0,0,なつ,2,くもの,3,https://hyakuninisshu.sakura.ne.jp/36.html
37,文屋朝康,ふんやのともやす,白露に風の吹きしく秋の野は,つらぬきとめぬ玉ぞ散りける,白露に風がしきりに吹き付ける秋の野は、まるで糸を通してつなぎ留めていない玉（真珠）が、一面に散っているかのようです。臣籍降下（貴族になること）して寂しい思いをしていた私が、友である藤原時平への友情と、雪が降る中でわざわざ訪ねていくという心遣いを表現しているように、この露の美しさは、友情の証のように思えます。,しらつゆにかぜのふきしくあきののは,つらぬきとめぬたまぞちりける,1,0,0,0,0,0,1,0,0,0,0,しら,2,つ,1,https://hyakuninisshu.sakura.ne.jp/37.html
38,右近,うこん,忘らるる身をば思はず誓ひてし,人の命の惜しくもあるかな,忘れ去られる私は構わないのです。しかし、私を愛すると神に誓った貴方様が、その誓いを破ったことで、神罰によって命を落とさないかと、それが惜しく思われるのです。貴方様が他の女性を愛するようになったと知って、私は忘れようと決意したはずなのに、かえって貴方様への恋心が増してしまった。この女性の複雑な心理を、貴方様はご存知ないでしょう。,わすらるるみをばおもはずちかひてし,ひとのいのちのをしくもあるかな,0,1,0,0,0,0,0,0,1,0,0,わすら,3,ひとの,3,https://hyakuninisshu.sakura.ne.jp/38.html
39,参議等,さんぎひとし,浅茅生の小野の篠原忍ぶれど,あまりてなどか人の恋しき,浅茅生（あさじう）の野の篠原（しのはら）ではありませんが、貴方様への恋心を心に忍ぼうとしても、もうこれ以上堪えきれないのです。どうしてこれほどまでに、私は貴方様のことが恋しいのでしょうか。富士山を詠んだ歌のように、夜の間に積もった雪の上に、さらに雪が降っているという、夜明けの富士山の壮大で清らかな美しさを見ても、私の心は貴方様でいっぱいです。,あさぢふのをののしのはらしのぶれど,あまりてなどかひとのこひしき,1,0,0,0,0,0,0,0,1,0,0,あさじ,3,あまり,3,https://hyakuninisshu.sakura.ne.jp/39.html
40,平兼盛,たいらのかねもり,忍ぶれど色に出でにけりわが恋は,ものや思ふと人の問ふまで,気づかれないように、恋心を秘めてきましたが、とうとう顔色に出てしまったのですね。人から「物思いをしているのではないか」と聞かれるまでに。秘密の恋がバレそうになっているこの状況。バレたくないのに隠しきれない、この女性の切ない心情を、貴方様はどうお考えですか。,しのぶれどいろにいでにけりわがこひは,ものやおもふとひとのとふまで,1,0,0,0,0,0,0,0,1,0,0,しの,2,もの,2,https://hyakuninisshu.sakura.ne.jp/40.html
41,壬生忠見,みぶのただみ,恋すてふわが名はまだき立ちにけり,人知れずこそ思ひそめしか,恋をしているという噂が、もう早くも立ってしまったではありませんか。私は気づかれないように、心の中で密かに想い始めたばかりだというのに。病的に恋焦がれている自分の姿は、誰のせいでもないと諦めつつも、逢いに来てくれない恋人への恨み言を遠回しに言っているように、この噂は私を苦しめます。,こひすてふわがなはまだきたちにけり,ひとしれずこそおもひそめしか,1,0,0,0,0,0,0,0,1,0,0,こい,2,ひとし,3,https://hyakuninisshu.sakura.ne.jp/41.html
42,清原元輔,きよはらのもとすけ,契りきなかたみに袖をしぼりつつ,末の松山波越さじとは,貴方様は約束してくださったではありませんか。涙に濡れた着物の袖を絞りながら、「末の松山を波が決して越えないように、私たちの心は変わらない」と。夢の中で貴方様と逢えた喜びと、現実に戻ってしまった悲しさが入り混じっています。夢の中での逢瀬を、現実よりも大切に思っているこの切ない気持ちを、貴方様は覚えていらっしゃいますか。,ちぎりきなかたみにそでをしぼりつつ,すゑのまつやまなみこさじとは,1,0,0,0,0,0,0,0,1,0,0,ちぎりき,4,す,1,https://hyakuninisshu.sakura.ne.jp/42.html
43,権中納言敦忠,ごんちゅうなごんあつただ,逢ひ見ての後の心にくらぶれば,昔はものを思はざりけり,実際に貴方様とお逢いして契りを結んだ後の気持ちと比べてみたら、お逢いする前に抱えていた物思いなんて、何でもなかったようです。世の中はただ恋しい思いばかり、というひたすらな恋の苦しみを、私は今、強く感じています。,あひみてののちのこころにくらぶれば,むかしはものをおもはざりけり,1,0,0,0,0,0,0,0,1,0,0,あい,2,むか,2,https://hyakuninisshu.sakura.ne.jp/43.html
44,中納言朝忠,ちゅうなごんともただ,逢ふことの絶えてしなくはなかなかに,人をも身をも恨みざらまし,ああ、もし男女が逢うことが全くなかったのなら、貴方様のつれない態度を恨んだり、自分の惨めさを嘆くこともなかったのに。夢の中でさえ、恋人が訪れてくれる道は、寂しさで草が生えてしまっているのではないかと想像するほど、私の片思いの寂しさは深いのです。,あふことのたえてしなくはなかなかに,ひとをもみをもうらみざらまし,1,0,0,0,0,0,0,0,1,0,0,あふこ,3,ひとを,3,https://hyakuninisshu.sakura.ne.jp/44.html
45,謙徳公,けんとくこう,あはれともいふべき人は思ほえで,身のいたずらになりぬべきかな,私に同情してくれそうな人は、もう誰も思い浮かびません。貴方様に捨てられて、私はむなしく死んでいくのでしょう。恋人が約束の時間に来なかった時に、相手を責めずに自分を責めるという、この一途な女性の気持ちが、貴方様にはお分かりになりますか。,あはれともいふべきひとはおもほえで,みのいたづらになりぬべきかな,1,0,0,0,0,0,0,0,1,0,0,あはれ,3,みの,2,https://hyakuninisshu.sakura.ne.jp/45.html
46,曽禰好忠,そねのよしただ,由良の戸を渡る舟人かぢをたえ,ゆくへも知らぬ恋の道かな,この恋路は、まるで由良の河口を渡る船人が、櫂（かい）をなくして漂うように、行方の知れないものなのですね。立田川の紅葉の赤と、私の涙で濡れた袖の赤を重ねて、この恋の苦しさを表現しています。袖が赤く見えるほど泣いているという、この大げさな表現から、私の切実な想いを感じ取ってください。,ゆらのとをわたるふなびとかぢをたえ,ゆくへもしらぬこひのみちかな,1,0,0,0,0,0,0,0,1,0,0,ゆら,2,ゆく,2,https://hyakuninisshu.sakura.ne.jp/46.html
47,恵慶法師,えけいほうし,八重むぐら茂れる宿のさびしきに,人こそ見えね秋は来にけり,幾重にもつる草が生い茂るこの寂しい屋敷に、人が訪れてくることはありませんが、秋はたしかにやって来たのですね。浮気者という噂が立つことに開き直り、「佐野の舟橋」と**「絶える（船が橋を渡る時の音）」を掛けて、恋の決意を詠んでいるように、この寂しい秋の訪れも、私の決意**を促すようです。,やへむぐらしげれるやどのさびしきに,ひとこそみえねあきはきにけり,1,0,0,1,0,0,1,0,0,0,0,やえ,2,ひとこそみ,5,https://hyakuninisshu.sakura.ne.jp/47.html
48,源重之,みなもとのしげゆき,風をいたみ岩うつ波のおのれのみ,くだけてものを思ふころかな,風が激しく吹くので、岩に打ち寄せる波がひとりでに砕け散るように、私だけが心を砕かれて、物思いをするこの頃ですよ。紅葉が散っているだろうと想像する中で、まだ散っていないことに寂しさを感じるという、この秋の侘しさが、私の心を一層締め付けます。,かぜをいたみいはうつなみのおのれのみ,くだけてものをおもふころかな,1,0,0,0,0,0,0,0,1,0,0,かぜを,3,くた,2,https://hyakuninisshu.sakura.ne.jp/48.html
49,大中臣能宣朝臣,おおなかとみのよしのぶあそん,御垣守衛士のたく火の夜は燃え,昼は消えつつものをこそ思へ,警護の兵士が燃やす篝火が、夜は燃えて、昼は消えているように、私の恋心は、夜に燃え、昼は消え入るように沈んでは、物思いにふけっています。**「私の恋は人には知られない」**という点を強調しているように、この燃えるような想いは、誰にも気づかれることはないのでしょう。,みかきもりゑじのたくひのよるはもえ,ひるはきえつつものをこそおもへ,1,0,0,0,0,0,0,0,1,0,0,みかき,3,ひる,2,https://hyakuninisshu.sakura.ne.jp/49.html
50,藤原義孝,ふじわらのよしたか,君がため惜しからざりし命さへ,長くもがなと思ひけるかな,貴方様に逢うためなら惜しくないと思った命でしたが、貴方様と出会ってからは、末永く添い遂げたいと思うようになりました。恋人が来てくれるという期待と不安で、命が露のように消えてしまいそうになるという、この一途な恋心を、貴方様はご存知でしょうか。,きみがためをしからざりしいのちさへ,ながくもがなとおもひけるかな,1,0,0,0,0,0,0,0,1,0,0,きみがためを,6,ながく,3,https://hyakuninisshu.sakura.ne.jp/50.html
51,藤原実方朝臣,ふじわらのさねかたあそん,かくとだにえやはいぶきのさしも草,さしも知らじな燃ゆる思ひを,これほどまでに恋焦がれていると貴方様に言えるでしょうか。伊吹山のさしも草（お灸の材料になる蓬）ではありませんが、その熱さほどだとは貴方様はご存知ないでしょう。私の（お灸のように熱い）燃える想いを。世の中の儚さを桜の花が散る様子に重ねた歌のように、貴方様への想いは、私を乱すのです。,かくとだにえやはいぶきのさしもぐさ,さしもしらじなもゆるおもひを,1,0,0,0,0,0,0,0,1,0,0,かく,2,さ,1,https://hyakuninisshu.sakura.ne.jp/51.html
52,藤原道信朝臣,ふじわらのみちのぶあそん,明けぬれば暮るるものとは知りながら,なほ恨めしき朝ぼらけかな,夜が明けてしまえば、やがて日が暮れてまたお逢いできるとわかってはいるものの、それでもこの朝ぼらけ（夜明け）という時間は恨めしいことです。奈良の都（当時の都は京都）を訪ねた作者が、そこで咲く八重桜の美しさに、昔を懐かしむ気持ちを重ねたように、この夜明けは、私に別れを告げるのです。,あけぬればくるるものとはしりながら,なほうらめしきあさぼらけかな,1,0,0,0,0,0,0,0,1,0,0,あけ,2,なおう,3,https://hyakuninisshu.sakura.ne.jp/52.html
53,右大将道綱母,うだいしょうみちつなはは,嘆きつつひとり寝る夜の明くる間は,いかに久しきものとかは知る,貴方様が私のところへ来てくださらないことを嘆きながら、一人きりで寝る夜の、その夜明けまでの時間が、どれほど長いものか、貴方様にはお分かりになりますか。露のように儚い私の命は、貴方様に忘れられたという辛さで、今にも消えてしまいそうなほど悲しいのです。命が尽きるほどの悲しみが、貴方様に伝わってほしいと願わずにはいられません。,なげきつつひとりぬるよのあくるまは,いかにひさしきものとかはしる,0,1,0,0,0,0,0,0,1,0,0,なげき,3,いか,2,https://hyakuninisshu.sakura.ne.jp/53.html
54,儀同三司母,ぎどうさんしのはは,忘れじの行く末まではかたければ,今日をかぎりの命ともがな,「ずっと忘れない」という言葉は、私にとって難しい約束でしょうから、その言葉を聞いた今日限りの命だったら、どれほど良いのにと思ってしまいます。琵琶湖の波が、寄せては返す様子に、夜も昼も恋し続ける私の心を重ねているように、この愛の言葉は、私の命を脅かすのです。,わすれじのゆくすゑまではかたければ,けふをかぎりのいのちともがな,0,1,0,0,0,0,0,0,1,0,0,わすれ,3,きょうを,4,https://hyakuninisshu.sakura.ne.jp/54.html
55,大納言公任,だいなごんきんとう,滝の音は絶えて久しくなりぬれど,名こそ流れてなほ聞こえけれ,あの滝の音が聞こえなくなってから久しくなりますが、その名声は、今も流れ伝わっています。もみじを擬人化し、鹿の鳴き声を聞いて寂しさから散ってしまうという情緒的な表現を用いているように、この静寂の中で、私は名声の無常を感じています。,たきのおとはたえてひさしくなりぬれど,なこそながれてなほきこえけれ,1,0,0,0,0,0,0,0,0,0,0,たき,2,なこ,2,https://hyakuninisshu.sakura.ne.jp/55.html
56,和泉式部,いずみしきぶ,あらざらむこの世のほかの思ひ出に,今ひとたびの逢ふこともがな,私はもうすぐ、この世を去ってしまうのでしょう。あの世へ持っていく思い出に、もう一度だけ、貴方様にお逢いしたいものです。雪のように積もった紅葉の上を鹿が鳴きながら歩くという、視覚と聴覚に訴えかける情景描写のように、私の寂しさは深まるばかりです。,あらざらむこのよのほかのおもひでに,いまひとたびのあふこともがな,0,1,0,0,0,0,0,0,1,0,0,あらざ,3,いまひとたびのあ,8,https://hyakuninisshu.sakura.ne.jp/56.html
57,紫式部,むらさきしきぶ,めぐり逢ひて見しやそれとも分かぬ間に,雲隠れにし夜半の月かな,久しぶりにめぐり逢って、それが誰だか分からないうちに、貴方様は雲に隠れる夜半の月のように、帰ってしまわれました。清見潟（今の静岡県）から見た雪景色の中を、船が進んでいく様子を詠んだ歌のように、この別れは、私にとって静かで雄大な悲しみです。,めぐりあひてみしやそれともわかぬまに,くもがくれにしよはのつきかな,0,1,0,0,0,0,0,0,0,0,0,め,1,くもが,3,https://hyakuninisshu.sakura.ne.jp/57.html
58,大弐三位,だいにさんみ,有馬山猪名の笹原風吹けば,いでそよ人を忘れやはする,有馬山に近い猪名の笹原に風が吹き、そよそよと音が響きわたります。さぁ、そうですよ。私が貴方様のことを忘れられるでしょうか。いいえ、忘れられません。恋人のもとへ忍んで通う男性の歌のように、夜明けになって人に見つかる前に帰らなければならない切なさと、この別れを惜しむ気持ちを、貴方様はご存知でしょうか。,ありまやまゐなのささはらかぜふけば,いでそよひとをわすれやはする,0,1,0,0,0,0,0,0,1,0,0,ありま,3,いで,2,https://hyakuninisshu.sakura.ne.jp/58.html
59,赤染衛門,あかぞめえもん,やすらはで寝なましものを小夜更けて,かたぶくまでの月を見しかな,貴方様が来ないと分かっていたなら、私はためらわずに眠りについたでしょうに。待ち続けるうちに夜が更けて、西の空に傾く月を見上げることになってしまったのです。「道が遠い」という事実と、「踏む」と「文（ふみ）」を掛けた表現のように、私の母恋いの気持ちが、この夜の長さを際立たせます。,やすらはでねなましものをさよふけて,かたぶくまでのつきをみしかな,0,1,0,0,0,0,0,0,1,0,0,やす,2,かた,2,https://hyakuninisshu.sakura.ne.jp/59.html
60,小式部内侍,こしきぶないし,大江山いく野の道の遠ければ,まだふみも見ず天の橋立,大江山も、（母の住む丹後に行く）生野の道も遠いので、まだ天橋立の地に足を踏み入れたこともありませんし、母からの手紙（文）も見ておりません。歌会で皮肉られた私が、即興で詠んだ歌のように、「いく野」と「行く」、「ふみ」と「文（ふみ）」を掛け、私は自分の才能を証明します。,おほえやまいくののみちのとほければ,まだふみもみずあまのはしだて,0,1,0,0,0,0,0,0,0,0,0,おおえ,3,まだ,2,https://hyakuninisshu.sakura.ne.jp/60.html
61,伊勢大輔,いせのたいふ,いにしへの奈良の都の八重桜,けふ九重に匂ひぬるかな,古都奈良で咲き誇っていた八重桜が、今日は平安京の宮中で美しく咲き誇っていますよ。「いにしえの（昔の）」という言葉と、「音に（音に）」「する（する）」という言葉を掛けて、昔を懐かしむ寂しさを表現しているように、この桜の美しさは、私に時の流れを感じさせます。,いにしへのならのみやこのやへざくら,けふここのへににほひぬるかな,0,1,0,0,1,0,0,0,0,0,0,いに,2,けふこ,3,https://hyakuninisshu.sakura.ne.jp/61.html
62,清少納言,せいしょうなごん,夜をこめて鳥のそら音ははかるとも,よに逢坂の関はゆるさじ,夜が明けないうちに、鶏の鳴き真似をして人をだまそうとしても、この逢坂の関は決して開きませんよ。夜の逢瀬からの別れの歌のように、鶏の鳴き声が夜明けを告げることから、逢坂の関の**「逢う」という文字を「打つ（書く）」という動作に掛けて、この別れを惜しむ気持ち**を表現しています。,よをこめてとりのそらねははかるとも,よにあふさかのせきはゆるさじ,0,1,0,0,0,0,0,0,0,0,0,よを,2,よに,2,https://hyakuninisshu.sakura.ne.jp/62.html
63,左京大夫道雅,さきょうのだいふみちまさ,今はただ思ひ絶えなむとばかりを,人づてならでいふよしもがな,（逢うことが許されなくなった）今となっては「貴方様への思いをあきらめましょう」とせめて人づてでなく、直接伝えられる方法があったら良いのに。在原業平の東下りのエピソードを元にした歌のように、「賎の男」は、身分を隠した業平を指します。恋しい妻に逢いたくて、危険な道を通るという、この情熱的な恋心を、貴方様はご存知でしょうか。,いまはただおもひたえなむとばかりを,ひとづてならでいふよしもがな,1,0,0,0,0,0,0,0,1,0,0,いまは,3,ひとづ,3,https://hyakuninisshu.sakura.ne.jp/63.html
64,権中納言定頼,ごんちゅうなごんさだより,朝ぼらけ宇治の川霧たえだえに,あらはれわたる瀬々の網代木,夜がほんのり明けてくる頃、宇治川の朝霧が途切れ途切れになり、霧の絶え間のあちこちから現れわたる瀬々の網代木（あじろぎ）よ。出家を決意したのに、まだ都にいる自分を自嘲した歌のように、昔の人（世捨て人）とはかけ離れた私の煩悩が、この冬の情景に現れています。,あさぼらけうぢのかはぎりたえだえに,あらはれわたるせぜのあじろぎ,1,0,0,0,0,0,0,1,0,0,0,あさぼらけう,6,あら,2,https://hyakuninisshu.sakura.ne.jp/64.html
65,相模,さがみ,恨みわび干さぬ袖だにあるものを,恋に朽ちなむ名こそ惜しけれ,恨む気力さえなくなり、涙に濡れて乾かすひまもない着物の袖さえあるのに、ましてこの恋のせいで浮名が立って私の評判が朽ちてしまうことは口惜しいことです。前の歌と似て、こちらは**「憂し（つらい）」という言葉を強調しているように、このつらさは、私を浮名**の立ってしまう道へと追いやるのでしょうか。,うらみわびほさぬそでだにあるものを,こひにくちなむなこそをしけれ,0,1,0,0,0,0,0,0,1,0,0,うら,2,こいに,3,https://hyakuninisshu.sakura.ne.jp/65.html
66,前大僧正行尊,ぜんだいそうじょうぎょうそん,もろともにあはれと思え山桜,花よりほかに知る人もなし,お互いにしみじみと愛しく思っておくれ、山桜よ。心を通い合わせられる相手は、他にいないのだから。命懸けの恋を表現する歌のように、澪標に**「身を尽くす」を掛けていますが、この山桜だけが、私の心の内**を分かってくれる唯一の友なのです。,もろともにあはれとおもへやまざくら,はなよりほかにしるひともなし,1,0,0,1,0,0,0,0,0,0,0,もろ,2,はなよ,3,https://hyakuninisshu.sakura.ne.jp/66.html
67,周防内侍,すおうないし,春の夜の夢ばかりなる手枕に,かひなく立たむ名こそ惜しけれ,春の夜のような夢ぐらい儚い、貴方様の戯れの手枕のために、何の甲斐もない浮名が立つことが惜しいのです。春の訪れを喜び、都から離れた山奥でも花が美しく咲いているという、自然の力を詠んだ歌のように、私の恋も、自然の力に抗えないのかもしれません。,はるのよのゆめばかりなるたまくらに,かひなくたたむなこそをしけれ,0,1,0,0,0,0,0,0,0,0,0,はるの,3,かひ,2,https://hyakuninisshu.sakura.ne.jp/67.html
68,三条院,さんじょういん,心にもあらで憂き夜にながらへば,恋しかるべき夜半の月かな,不本意であっても、この辛い世を生き長らえたら、この夜更けの月を恋しく思い出すだろう。霜の白さを強調している歌のように、七夕の伝説と宮中の情景を重ねた、幻想的な月の光が、私の未来の孤独を照らします。,こころにもあらでうきよにながらへば,こひしかるべきよはのつきかな,1,0,0,0,0,0,0,0,0,0,0,こころに,4,こひし,3,https://hyakuninisshu.sakura.ne.jp/68.html
69,能因法師,のういんほうし,嵐ふく三室の山のもみぢ葉は,竜田の川の錦なりけり,嵐が吹き下ろす三室山のもみじは、龍田川の川面に散り乱れて、まるで錦織物のように美しく彩っていますよ。春の訪れが、場所に関係なく平等であることを詠んだ歌のように、この錦の美しさは、都の華やかさと、山奥の寂しさを対比させています。,あらしふくみむろのやまのもみぢばは,たつたのかはのにしきなりけり,1,0,0,1,0,0,1,0,0,0,0,あらし,3,たつ,2,https://hyakuninisshu.sakura.ne.jp/69.html
70,良暹法師,りょうせんほうし,寂しさに宿を立ち出でてながむれば,いづこも同じ秋の夕暮れ,寂しさに耐えかねて庵から出てみたけれど、どこも同じように寂しい、秋の夕暮れであることよ。秋の寂しさと鹿の鳴き声を組み合わせた歌のように、この寂しさは、私を究極の悟りの境地へと導くのでしょうか。,さびしさにやどをたちいでてながむれば,いづこもおなじあきのゆふぐれ,1,0,0,1,0,0,1,0,0,0,0,さ,1,いづこ,3,https://hyakuninisshu.sakura.ne.jp/70.html
71,大納言経信,だいなごんつねのぶ,夕されば門田の稲葉おとづれて,葦のまろやに秋風ぞ吹く,夕方になると、門前の稲の葉は音を立て、ついでに葦葺きのこの庵にも秋風が吹きつけることだ。月の満ち欠けに、恋心の深まりを重ねて詠んだ歌のように、月が夜の空に昇っているように、私の恋心も夜に高まるのです。,ゆふさればかどたのいなばおとづれて,あしのまろやにあきかぜぞふく,1,0,0,0,0,0,1,0,0,0,0,ゆう,2,あし,2,https://hyakuninisshu.sakura.ne.jp/71.html
72,祐子内親王家紀伊,ゆうしないしんのういえきい,音に聞く高師の浜のあだ波は,かけじや袖のぬれもこそすれ,噂に聞く、いたずらに立ち騒ぐ高師の浜の波にはかかりますまい。袖を濡らすことになるでしょうから。庶民の苦労を天皇が共感しているという伝説を背景に持つ歌のように、私はこの袖の濡れ方から、貴方様への深い思いを感じ取っています。,おとにきくたかしのはまのあだなみは,かけじやそでのぬれもこそすれ,0,1,0,0,0,0,0,0,1,0,0,おと,2,かけ,2,https://hyakuninisshu.sakura.ne.jp/72.html
73,前中納言匡房,ぜんちゅうなごんまさふさ,高砂の尾の上の桜咲きにけり,外山の霞立たずもあらなむ,高い山の尾根に美しい桜が咲いた。人里近くの山の霞よ、どうか立たないでほしい。高砂（今の兵庫県）の松と紅葉、鹿を組み合わせた秋の歌のように、この寂しさは、私を山奥へと誘います。,たかさごのをのへのさくらさきにけり,とやまのかすみたたずもあらなむ,1,0,0,0,1,0,0,0,0,0,0,たか,2,と,1,https://hyakuninisshu.sakura.ne.jp/73.html
74,源俊頼朝臣,みなもとのとしよりあそん,憂かりける人を初瀬の山おろしよ,はげしかれとは祈らぬものを,つれないあの人が私になびくように初瀬の観音様に祈りこそしましたが、初瀬の山おろしよ。お前のように冷たく手厳しくあれとは祈ってもいないのに。出家を決意したのに煩悩を捨てきれない自己矛盾を詠んだ歌のように、私の心は矛盾に満ちています。,うかりけるひとをはつせのやまおろしよ,はげしかれとはいのらぬものを,1,0,0,0,0,0,0,0,1,0,0,うか,2,はげ,2,https://hyakuninisshu.sakura.ne.jp/74.html
75,藤原基俊,ふじわらのもととし,契りおきしさせもが露を命にて,あはれ今年の秋もいぬめり,約束してくださった**「さしも草の」の歌の露のようなありがたい言葉を命のように大切にしていたのに。ああ…今年の秋もむなしく過ぎていくようだ。恋心の深まりを川の流れに重ねた歌のように、貴方様への想いは、この秋と共に深く**なっていくのです。,ちぎりおきしさせもがつゆをいのちにて,あはれことしのあきもいぬめり,1,0,0,0,0,0,0,0,0,0,0,ちぎりお,4,あはれこ,4,https://hyakuninisshu.sakura.ne.jp/75.html
76,法性寺入道前関白太政大臣（藤原忠通）,ほっしょうじにゅうどうぜんかんぱくだいじょうだいじん（ふじわらのただみち）,わたの原漕ぎ出でて見ればひさかたの,雲居にまがふ沖つ白波,大海原に漕ぎ出してみれば、はるか沖に白雲に見間違えるほどの白波が立っていたよ。命懸けの恋を表現する歌のように、私の恋心は、この白波のように高く、そして激しく立っているのです。,わたのはらこぎいでてみればひさかたの,くもゐにまがふおきつしらなみ,1,0,0,0,0,0,0,0,0,0,0,わたのはらこ,6,くもい,3,https://hyakuninisshu.sakura.ne.jp/76.html
77,崇徳院,すとくいん,瀬をはやみ岩にせかるる滝川の,われても末に逢はむとぞ思ふ,川瀬の流れが早く、岩にせきとめられた滝川のように、貴方様と別れてもいつかはまた逢いたいと思う。出家を決意したのに煩悩を捨てきれない自己矛盾を詠んだ歌のように、私の心は矛盾に満ちています。,せをはやみいはにせかるるたきがはの,われてもすゑにあはむとぞおもふ,1,0,1,0,0,0,0,0,1,0,0,せ,1,われ,2,https://hyakuninisshu.sakura.ne.jp/77.html
78,源兼昌,みなもとのかねまさ,淡路島通ふ千鳥の鳴く声に,いく夜寝覚めぬ須磨の関守,淡路島から渡ってくる千鳥が鳴く声に、須磨の関守は幾夜目を覚ませられただろう。七夕の伝説と宮中の情景を重ねた、幻想的な歌のように、この千鳥の鳴き声は、私の孤独を際立たせます。,あはぢしまかよふちどりのなくこゑに,いくよねざめぬすまのせきもり,1,0,0,0,0,0,0,1,0,0,0,あはぢ,3,いく,2,https://hyakuninisshu.sakura.ne.jp/78.html
79,左京大夫顕輔,さきょうのだいふあきすけ,秋風にたなびく雲のたえ間より,もれ出づる月の影のさやけさ,秋風にたなびく雲の切れ目から、こぼれ落ちる月の光は、何と澄み渡って明るい美しさであることよ。春の訪れが、場所に関係なく平等であることを詠んだ歌のように、この月の光は、私の心を清らかにするのです。,あきかぜにたなびくくものたえまより,もれいづるつきのかげのさやけさ,1,0,0,0,0,0,1,0,0,0,0,あきか,3,もれ,2,https://hyakuninisshu.sakura.ne.jp/79.html
80,待賢門院堀河,たいけんもんいんほりかわ,ながからむ心も知らず黒髪の,乱れてけさはものをこそ思へ,末永く愛してくれると言う貴方様の心ははかりがたく、お別れした今朝の私は、この黒髪が乱れるように心も乱れ、物思いに沈んでいます。秋の寂しさと鹿の鳴き声を組み合わせた歌のように、私の心は、この秋の寂しさと重なるのです。,ながからむこころもしらずくろかみの,みだれてけさはものをこそおもへ,0,1,0,0,0,0,0,0,1,0,0,ながか,3,みだれて,4,https://hyakuninisshu.sakura.ne.jp/80.html
81,後徳大寺左大臣,ごとくだいじさだいじん,ほととぎす鳴きつる方をながむれば,ただ有明の月ぞ残れる,ほととぎすが鳴いた方を眺めてみると、鳥の姿は見えず、ただ有明の月が残っていました。月の満ち欠けに、恋心の深まりを重ねている歌のように、この月は、私の恋心を静かに見守っているのです。,ほととぎすなきつるかたをながむれば,ただありあけのつきぞのこれる,1,0,0,1,0,1,0,0,0,0,0,ほ,1,ただ,2,https://hyakuninisshu.sakura.ne.jp/81.html
82,道因法師,どういんほうし,思ひわびさても命はあるものを,憂きに堪へぬは涙なりけり,嘆き悲しんでいながらも、堪えて生きているのに、辛い思いにこぼれ落ちるもろい涙であったよ。庶民の苦労を天皇が共感しているという伝説を背景に持つ歌のように、この涙は、私の苦しみの深さを表しています。,おもひわびさてもいのちはあるものを,うきにたへぬはなみだなりけり,1,0,0,0,0,0,0,0,1,0,0,おも,2,うき,2,https://hyakuninisshu.sakura.ne.jp/82.html
83,皇太后宮大夫俊成,こうたいごうぐうだいふとしなり,世の中よ道こそなけれ思ひ入る,山の奥にも鹿ぞ鳴くなる,つらい世の中から逃れる方法はないようだ。思い詰めて分け入ったこの山の中でさえ、哀しげに鳴く鹿の声が聞こえてくる。秋の寂しさを強調している歌のように、この鹿の声は、私の孤独を際立たせます。,よのなかよみちこそなけれおもひいる,やまのおくにもしかぞなくなる,1,0,0,0,0,0,0,0,0,0,0,よのなかよ,5,やま,2,https://hyakuninisshu.sakura.ne.jp/83.html
84,藤原清輔朝臣,ふじわらのきよすけあそん,長らへばまたこのごろやしのばれむ,憂しと見し世ぞ今は恋しき,長く生き長らえたら、今を懐かしく思うだろう。つらいと思った日々も今では懐かしく思えるのだから。自己矛盾を詠んだ歌のように、私の心は矛盾に満ちています。,ながらへばまたこのごろやしのばれむ,うしとみしよぞいまはこひしき,1,0,0,0,0,0,0,0,0,0,0,ながら,3,うし,2,https://hyakuninisshu.sakura.ne.jp/84.html
85,俊恵法師,しゅんえほうし,夜もすがらもの思ふころは明けやらで,ねやのひまさへつれなかりけり,一晩中、恋に思い悩んでいるこの頃は、いつまでも夜が明けきらないので、一向に光が差し込まない寝室の隙間さえもつれなく感じられる。恋心の深まりを川の流れに重ねた歌のように、この夜の長さは、私の恋心の深さを表しています。,よもすがらものおもふころはあけやらで,ねやのひまさへつれなかりけり,1,0,0,1,0,0,0,0,1,0,0,よも,2,ね,1,https://hyakuninisshu.sakura.ne.jp/85.html
86,西行法師,さいぎょうほうし,嘆けとて月やはものを思はする,かこち顔なるわが涙かな,嘆けと言って月が私に物思いをさせるのだろうか。そうではない。月に誘われるそぶりで流れる私の涙かな。命懸けの恋を表現する歌のように、この涙は、私の恋心の激しさを表しています。,なげけとてつきやはものをおもはする,かこちがほなるわがなみだかな,1,0,0,1,0,0,0,0,1,0,0,なげけ,3,かこ,2,https://hyakuninisshu.sakura.ne.jp/86.html
87,寂蓮法師,じゃくれんほうし,村雨の露もまだ干ぬまきの葉に,霧立ちのぼる秋の夕暮,村雨が通り過ぎて、まだその滴が乾いていない杉や檜の葉のあたりに、霧が立ち上っている。秋の夕暮れに。自己矛盾を詠んだ歌のように、この霧は、私の心の迷いを表しています。,むらさめのつゆもまだひぬまきのはに,きりたちのぼるあきのゆふぐれ,1,0,0,1,0,0,1,0,0,0,0,む,1,き,1,https://hyakuninisshu.sakura.ne.jp/87.html
88,皇嘉門院別当,こうかもんいんべっとう,難波江の葦のかりねのひとよゆゑ,身をつくしてや恋ひわたるべき,難波の入り江に生えている葦を刈った根の短い一節ではありませんが、一夜の共寝をしたために、私は難波の澪標のように身を尽くし、あの人を恋い慕い続けなくてはいけないのでしょうか。七夕の伝説と宮中の情景を重ねた、幻想的な歌のように、この恋は、私の命を懸けたものなのです。,なにはえのあしのかりねのひとよゆゑ,みをつくしてやこひわたるべき,0,1,0,0,0,0,0,0,1,0,0,なにはえ,4,みをつくしてや,7,https://hyakuninisshu.sakura.ne.jp/88.html
89,式子内親王,しきしないしんのう,玉の緒よ絶えなば絶えねながらへば,忍ぶることの弱りもぞする,私の命よ、絶えてしまうのなら絶えてしまえ。生き長らえてしまうと恋を忍ぶ気持ちが弱って困るから。春の訪れが、場所に関係なく平等であることを詠んだ歌のように、私の恋も、自然の力に抗えないのかもしれません。,たまのをよたえなばたえねながらへば,しのぶることのよわりもぞする,0,1,0,0,0,0,0,0,1,0,0,たま,2,しの,2,https://hyakuninisshu.sakura.ne.jp/89.html
90,殷富門院大輔,いんぷもんいんだいふ,見せばやな雄島の海人の袖だにも,濡れにぞ濡れし色は変はらず,貴方様に見せたい。私の血の涙に濡れて色が変わってしまったこの袖を。あの雄島の漁師の袖でさえ、ひどく濡れても色は変わらないのに。秋の寂しさと鹿の鳴き声を組み合わせた歌のように、この袖の色は、私の悲しみの深さを表しています。,みせばやなをじまのあまのそでだにも,ぬれにぞぬれしいろはかはらず,0,1,0,0,0,0,0,0,1,0,0,みせ,2,ぬ,1,https://hyakuninisshu.sakura.ne.jp/90.html
91,後京極摂政前太政大臣,ごきょうごくせっしょうぜんだいじょうだいじん,きりぎりす鳴くや霜夜のさむしろに,衣かたしきひとりかも寝む,こおろぎが鳴いている霜のおりる夜、寒い筵の上に自分の衣だけを敷いて、私はひとり寂しく寝るのだろうか。月の満ち欠けに、恋心の深まりを重ねている歌のように、この孤独は、私の心を深くするのです。,きりぎりすなくやしもよのさむしろに,ころもかたしきひとりかもねむ,1,0,0,0,0,0,1,0,0,0,0,きり,2,ころもか,4,https://hyakuninisshu.sakura.ne.jp/91.html
92,二条院讃岐,にじょういんさぬき,わが袖は潮干に見えぬ沖の石の,人こそ知らねかわく間もなし,私の袖は、潮干のときも見えない沖の石のように、人に知られることはないけれども、涙で濡れて乾く暇もない。庶民の苦労を天皇が共感しているという伝説を背景に持つ歌のように、この涙は、私の心の苦しみの深さを表しています。,わがそではしほひにみえぬおきのいしの,ひとこそしらねかわくまもなし,0,1,0,0,0,0,0,0,1,0,0,わがそ,3,ひとこそし,5,https://hyakuninisshu.sakura.ne.jp/92.html
93,鎌倉右大臣,かまくらうだいじん,世の中は常にもがもな渚漕ぐ,海人の小舟の綱手かなしも,世の中は、こんな風にいつまでも変わらないでいてほしい。渚を漕ぐ漁師の小舟の綱を引く様子が愛おしく感じられるよ。秋の寂しさを強調している歌のように、この情景は、私の心を穏やかにするのです。,よのなかはつねにもがもななぎさこぐ,あまのをぶねのつなでかなしも,1,0,0,0,0,0,0,0,0,0,1,よのなかは,5,あまの,3,https://hyakuninisshu.sakura.ne.jp/93.html
94,参議雅経,さんぎまさつね,み吉野の山の秋風小夜更けて,ふるさと寒く衣うつなり,吉野の山に、秋風が吹きわたり、夜更けになると、吉野の里は寒く、衣を打つ砧の音が寒々しく響く。自己矛盾を詠んだ歌のように、この音は、私の心の迷いを表しています。,みよしののやまのあきかぜさよふけて,ふるさとさむくころもうつなり,1,0,0,0,0,0,1,0,0,0,0,みよ,2,ふる,2,https://hyakuninisshu.sakura.ne.jp/94.html
95,前大僧正慈円,ぜんだいそうじょうじえん,おほけなく憂き世の民におほふかな,わが立つ杣にすみ染の袖,おこがましいけれども、このつらい悲しみに満ちた現世を生きる人々を、私の袖で包んであげたい。比叡山に住みはじめた私の墨染の袖で。恋心の深まりを川の流れに重ねた歌のように、この袖は、私の心の優しさを表しています。,おほけなくうきよのたみにおほふかな,わがたつそまにすみぞめのそで,1,0,0,1,0,0,0,0,0,0,0,おおけ,3,わがた,3,https://hyakuninisshu.sakura.ne.jp/95.html
96,入道前太政大臣,にゅうどうぜんだいじょうだいじん,花さそふ嵐の庭の雪ならで,ふりゆくものはわが身なりけり,桜の花を誘って、散らすように嵐が吹く庭で、花は雪のように降るけれど、古くなるのは我が身であることだ。命懸けの恋を表現する歌のように、この花は、私の命の儚さを表しています。,はなさそふあらしのにはのゆきならで,ふりゆくものはわがみなりけり,1,0,0,0,0,0,0,0,0,0,0,はなさ,3,ふり,2,https://hyakuninisshu.sakura.ne.jp/96.html
97,権中納言定家,ごんちゅうなごんていか,来ぬ人を松帆の浦の夕なぎに,焼くや藻塩の身もこがれつつ,来てくれない恋人を待ち続け、夕凪どきに松帆の浦で焼かれる藻塩のように、我が身も恋に焦がれています。自己矛盾を詠んだ歌のように、この焦げる想いは、私の心の迷いを表しています。,こぬひとをまつほのうらのゆふなぎに,やくやもしほのみもこがれつつ,1,0,0,0,0,0,0,0,1,0,0,こぬ,2,やく,2,https://hyakuninisshu.sakura.ne.jp/97.html
98,従二位家隆,じゅうにいのいえたか,風そよぐ楢の小川の夕暮は,みそぎぞ夏のしるしなりける,風がそよそよと楢の葉を吹く。ならの小川の夕暮れは秋の気配がするけれど、水無月祓の行事こそがまだ夏であることの証なのだなあ。七夕の伝説と宮中の情景を重ねた、幻想的な歌のように、この夕暮れは、私の心を穏やかにするのです。,かぜそよぐならのをがはのゆふぐれは,みそぎぞなつのしるしなりける,1,0,0,0,0,1,0,0,0,0,0,かぜそ,3,みそ,2,https://hyakuninisshu.sakura.ne.jp/98.html
99,後鳥羽院,ごとばいん,人もをし人もうらめしあじきなく,世を思ふゆゑにもの思ふ身は,時には人が愛しく、時には人が恨めしく思われる。つまらなく世の中を思うがゆえに物思いに沈む私には。春の訪れが、場所に関係なく平等であることを詠んだ歌のように、私の心は、この世の無常を感じています。,ひともをしひともうらめしあぢきなく,よをおもふゆゑにものおもふみは,1,0,1,0,0,0,0,0,0,0,0,ひとも,3,よをお,3,https://hyakuninisshu.sakura.ne.jp/99.html
100,順徳院,じゅんとくいん,百敷や古き軒端のしのぶにも,なほあまりある昔なりけり,宮中の古びた軒先に生えている忍ぶ草を見るにつけても偲んでも偲びきれないのは、昔のよかった時代であることよ。秋の寂しさと鹿の鳴き声を組み合わせた歌のように、この忍ぶ草は、私の心の寂しさを表しています。,ももしきやふるきのきばのしのぶにも,なほあまりあるむかしなりけり,1,0,1,0,0,0,0,0,0,0,0,もも,2,なほあ,3,https://hyakuninisshu.sakura.ne.jp/100.html